{
    "1d": {
        "hidden_size": 162,
        "num_layers": 1,
        "dropout": 0.0,
        "learning_rate": 0.00028267309583429183,
        "sequence_length": 53,
        "batch_size": 36
    },
    "4h": {
        "hidden_size": 230,
        "num_layers": 2,
        "dropout": 0.36671120486931125,
        "learning_rate": 0.000433399366122039,
        "sequence_length": 50,
        "batch_size": 66
    },
    "1h": {
        "hidden_size": 216,
        "num_layers": 1,
        "dropout": 0.0,
        "learning_rate": 0.0009894570032972121,
        "sequence_length": 70,
        "batch_size": 107
    },
    "15m": {
        "hidden_size": 254,
        "num_layers": 1,
        "dropout": 0.0,
        "learning_rate": 0.0011409613978446756,
        "sequence_length": 55,
        "batch_size": 42
    },
    "5m": {
        "hidden_size": 254,
        "num_layers": 1,
        "dropout": 0.0,
        "learning_rate": 0.0023639537474249056,
        "sequence_length": 63,
        "batch_size": 46
    },
    "1m": {
        "hidden_size": 106,
        "num_layers": 1,
        "dropout": 0.0,
        "learning_rate": 0.0007781621490112896,
        "sequence_length": 87,
        "batch_size": 32
    }
}